Street,House number,Property ID,Latitude,Longitude,Problem,Severity,Verification,Recommendation
Delford Drive,22,22|51.87742|-8.42028,51.8774235,-8.4202848,Same number appears 2 times on this street. Farthest pair is 85 m apart.,Critical,Needs Review,Check the door number at each pin. Do not delete either pin until both doors have been seen.
Delford Drive,22,22|51.87724|-8.41909,51.8772447,-8.4190858,Same number appears 2 times on this street. Farthest pair is 85 m apart.,Critical,Needs Review,Check the door number at each pin. Do not delete either pin until both doors have been seen.
Delford Drive,32,32|51.87833|-8.42058,51.8783341,-8.4205840,Same number appears 2 times on this street. Farthest pair is 139 m apart.,Critical,Needs Review,Check the door number at each pin. Do not delete either pin until both doors have been seen.
Delford Drive,32,32|51.87727|-8.41952,51.8772745,-8.4195150,Same number appears 2 times on this street. Farthest pair is 139 m apart.,Critical,Needs Review,Check the door number at each pin. Do not delete either pin until both doors have been seen.
Delford Drive,33,33|51.87840|-8.42057,51.8784020,-8.4205666,Same number appears 2 times on this street. Farthest pair is 151 m apart.,Critical,Needs Review,Check the door number at each pin. Do not delete either pin until both doors have been seen.
Delford Drive,33,33|51.87720|-8.41956,51.8772000,-8.4195592,Same number appears 2 times on this street. Farthest pair is 151 m apart.,Critical,Needs Review,Check the door number at each pin. Do not delete either pin until both doors have been seen.
Delford Drive,34,34|51.87851|-8.42051,51.8785138,-8.4205089,Same number appears 2 times on this street. Farthest pair is 164 m apart.,Critical,Needs Review,Check the door number at each pin. Do not delete either pin until both doors have been seen.
Delford Drive,34,34|51.87715|-8.41961,51.8771470,-8.4196142,Same number appears 2 times on this street. Farthest pair is 164 m apart.,Critical,Needs Review,Check the door number at each pin. Do not delete either pin until both doors have been seen.
Delford Drive,39,39|51.87713|-8.42005,51.8771288,-8.4200541,Same number appears 2 times on this street. Farthest pair is 209 m apart.,Critical,Needs Review,Check the door number at each pin. Do not delete either pin until both doors have been seen.
Delford Drive,39,39|51.87898|-8.42053,51.8789837,-8.4205306,Same number appears 2 times on this street. Farthest pair is 209 m apart.,Critical,Needs Review,Check the door number at each pin. Do not delete either pin until both doors have been seen.
Delford Drive,42,42|51.87731|-8.41992,51.8773126,-8.4199173,Same number appears 2 times on this street. Farthest pair is 213 m apart.,Critical,Needs Review,Check the door number at each pin. Do not delete either pin until both doors have been seen.
Delford Drive,42,42|51.87923|-8.42007,51.8792272,-8.4200664,Same number appears 2 times on this street. Farthest pair is 213 m apart.,Critical,Needs Review,Check the door number at each pin. Do not delete either pin until both doors have been seen.
Delford Drive,44,44|51.87743|-8.41987,51.8774302,-8.4198744,Same number appears 2 times on this street. Farthest pair is 218 m apart.,Critical,Needs Review,Check the door number at each pin. Do not delete either pin until both doors have been seen.
Delford Drive,44,44|51.87939|-8.41983,51.8793861,-8.4198277,Same number appears 2 times on this street. Farthest pair is 218 m apart.,Critical,Needs Review,Check the door number at each pin. Do not delete either pin until both doors have been seen.
Delford Drive,9,9|51.87684|-8.41844,51.8768365,-8.4184448,Same number appears 2 times on this street. Farthest pair is 221 m apart.,Critical,Needs Review,Check the door number at each pin. Do not delete either pin until both doors have been seen.
Delford Drive,9,9|51.87876|-8.41920,51.8787635,-8.4192041,Same number appears 2 times on this street. Farthest pair is 221 m apart.,Critical,Needs Review,Check the door number at each pin. Do not delete either pin until both doors have been seen.
Kiltegan Lawn,10,10|51.87891|-8.42293,51.8789060,-8.4229284,Same number appears 2 times on this street. Farthest pair is 42 m apart.,High,Needs Review,Check the door number at each pin. Do not delete either pin until both doors have been seen.
Kiltegan Lawn,10,10|51.87871|-8.42345,51.8787147,-8.4234487,Same number appears 2 times on this street. Farthest pair is 42 m apart.,High,Needs Review,Check the door number at each pin. Do not delete either pin until both doors have been seen.
Kiltegan Lawn,13,13|51.87841|-8.42368,51.8784101,-8.4236767,Same number appears 2 times on this street. Farthest pair is 209 m apart.,Critical,Needs Review,Check the door number at each pin. Do not delete either pin until both doors have been seen.
Kiltegan Lawn,13,13|51.87959|-8.42131,51.8795914,-8.4213058,Same number appears 2 times on this street. Farthest pair is 209 m apart.,Critical,Needs Review,Check the door number at each pin. Do not delete either pin until both doors have been seen.
Kiltegan Lawn,2,2|51.87861|-8.42202,51.8786071,-8.4220164,Same number appears 3 times on this street. Farthest pair is 156 m apart.,Critical,Needs Review,Check the door number at each pin. Do not delete either pin until both doors have been seen.
Kiltegan Lawn,2,2|51.87791|-8.42398,51.8779099,-8.4239784,Same number appears 3 times on this street. Farthest pair is 156 m apart.,Critical,Needs Review,Check the door number at each pin. Do not delete either pin until both doors have been seen.
Kiltegan Lawn,2,2|51.87763|-8.42336,51.8776303,-8.4233552,Same number appears 3 times on this street. Farthest pair is 156 m apart.,Critical,Needs Review,Check the door number at each pin. Do not delete either pin until both doors have been seen.
Kiltegan Crescent,11,11|51.87893|-8.42303,51.8789350,-8.4230256,7.4 m from Kiltegan Lawn 10. These may be one house with two labels.,High,Needs Review,"On site, see whether this door is Crescent 11 or Lawn 10."
Kiltegan Lawn,11,11|51.87861|-8.42358,51.8786092,-8.4235772,Placed by an address geocoder on 9 Oct 2026. Not checked at the door.,High,Unverified,Read the door before treating this pin as the delivery address.
Kiltegan Lawn,15,15|51.87821|-8.42388,51.8782119,-8.4238774,Placed by an address geocoder on 9 Oct 2026. Not checked at the door.,High,Unverified,Read the door before treating this pin as the delivery address.
Kiltegan Lawn,17,17|51.87804|-8.42359,51.8780436,-8.4235912,Placed by an address geocoder on 9 Oct 2026. Not checked at the door.,High,Unverified,Read the door before treating this pin as the delivery address.
Kiltegan Lawn,24,24|51.87748|-8.42220,51.8774803,-8.4222014,Placed by an address geocoder on 9 Oct 2026. Not checked at the door.,High,Unverified,Read the door before treating this pin as the delivery address.
Kiltegan Lawn,29,29|51.87795|-8.42215,51.8779514,-8.4221523,Placed by an address geocoder on 9 Oct 2026. Not checked at the door.,High,Unverified,Read the door before treating this pin as the delivery address.
Kiltegan Lawn,30,30|51.87796|-8.42246,51.8779601,-8.4224632,Placed by an address geocoder on 9 Oct 2026. Not checked at the door.,High,Unverified,Read the door before treating this pin as the delivery address.
Kiltegan Lawn,31,31|51.87803|-8.42262,51.8780294,-8.4226189,Placed by an address geocoder on 9 Oct 2026. Not checked at the door.,High,Unverified,Read the door before treating this pin as the delivery address.
Kiltegan Lawn,45,45|51.87836|-8.42207,51.8783627,-8.4220723,Placed by an address geocoder on 9 Oct 2026. Not checked at the door.,High,Unverified,Read the door before treating this pin as the delivery address.
Kiltegan Park,9,9|51.87751|-8.42128,51.8775120,-8.4212785,Placed by an address geocoder on 9 Oct 2026. Not checked at the door.,High,Unverified,Read the door before treating this pin as the delivery address.
Kiltegan Park,10,10|51.87769|-8.42122,51.8776933,-8.4212248,Placed by an address geocoder on 9 Oct 2026. Not checked at the door.,High,Unverified,Read the door before treating this pin as the delivery address.
Kiltegan Park,12,12|51.87786|-8.42119,51.8778589,-8.4211913,Placed by an address geocoder on 9 Oct 2026. Not checked at the door.,High,Unverified,Read the door before treating this pin as the delivery address.
Kiltegan Park,13,13|51.87794|-8.42117,51.8779351,-8.4211712,Placed by an address geocoder on 9 Oct 2026. Not checked at the door.,High,Unverified,Read the door before treating this pin as the delivery address.
Kiltegan Park,15,15|51.87812|-8.42111,51.8781180,-8.4211068,Placed by an address geocoder on 9 Oct 2026. Not checked at the door.,High,Unverified,Read the door before treating this pin as the delivery address.
Kiltegan Lawn,3,3|51.87866|-8.42408,51.8786600,-8.4240800,Removed on 9 Oct 2026. A geocoder put this point on Sutton's Bar. The door was not checked.,High,Needs Review,"If the old number is on the door, put this pin back. It is not in the live list."
Kiltegan Lawn,4,4|51.87831|-8.42411,51.8783100,-8.4241100,Removed on 9 Oct 2026 because it sat off the nearest house. The door was not checked.,High,Needs Review,"If the old number is on the door, put this pin back. It is not in the live list."
Kiltegan Lawn,5,5|51.87818|-8.42402,51.8781800,-8.4240200,Renumbered to 15 and moved on 9 Oct 2026 from a geocoder result. The door was not checked.,High,Needs Review,"If the old number is on the door, put this pin back. It is not in the live list."
Kiltegan Lawn,7,7|51.87872|-8.42374,51.8787200,-8.4237400,Renumbered to 11 and moved on 9 Oct 2026 from a geocoder result. The door was not checked.,High,Needs Review,"If the old number is on the door, put this pin back. It is not in the live list."
Kiltegan Crescent,6,6|51.87898|-8.42219,51.8789826,-8.4221893,Placed by an address geocoder on 9 Oct 2026. Not checked at the door.,High,Unverified,Read the door before treating this pin as the delivery address.
Kiltegan Crescent,7,7|51.87897|-8.42228,51.8789738,-8.4222771,Placed by an address geocoder on 9 Oct 2026. Not checked at the door.,High,Unverified,Read the door before treating this pin as the delivery address.
Kiltegan Crescent,9,9|51.87894|-8.42256,51.8789404,-8.4225607,Placed by an address geocoder on 9 Oct 2026. Not checked at the door.,High,Unverified,Read the door before treating this pin as the delivery address.
Kiltegan Crescent,11,11|51.87893|-8.42303,51.8789350,-8.4230256,Placed by an address geocoder on 9 Oct 2026. Not checked at the door.,High,Unverified,Read the door before treating this pin as the delivery address.
Kiltegan Crescent,18,18|51.87915|-8.42142,51.8791537,-8.4214201,Placed by an address geocoder on 9 Oct 2026. Not checked at the door.,High,Unverified,Read the door before treating this pin as the delivery address.
Kiltegan Crescent,21,21|51.87872|-8.42151,51.8787212,-8.4215111,Placed by an address geocoder on 9 Oct 2026. Not checked at the door.,High,Unverified,Read the door before treating this pin as the delivery address.
Kiltegan Crescent,22,22|51.87863|-8.42153,51.8786325,-8.4215321,Placed by an address geocoder on 9 Oct 2026. Not checked at the door.,High,Unverified,Read the door before treating this pin as the delivery address.
Kiltegan Crescent,23,23|51.87854|-8.42152,51.8785374,-8.4215224,Placed by an address geocoder on 9 Oct 2026. Not checked at the door.,High,Unverified,Read the door before treating this pin as the delivery address.
Kiltegan Crescent,24,24|51.87847|-8.42156,51.8784674,-8.4215607,Placed by an address geocoder on 9 Oct 2026. Not checked at the door.,High,Unverified,Read the door before treating this pin as the delivery address.
Newlyn Vale,1,1|51.87611|-8.41535,51.8761135,-8.4153483,Placed by an address geocoder on 6 Oct 2026. Not checked at the door.,Medium,Unverified,Read the door before treating this pin as the delivery address.
Newlyn Vale,2,2|51.87619|-8.41528,51.8761923,-8.4152814,Placed by an address geocoder on 6 Oct 2026. Not checked at the door.,Medium,Unverified,Read the door before treating this pin as the delivery address.
Newlyn Vale,3,3|51.87629|-8.41524,51.8762867,-8.4152358,Placed by an address geocoder on 6 Oct 2026. Not checked at the door.,Medium,Unverified,Read the door before treating this pin as the delivery address.
Newlyn Vale,4,4|51.87638|-8.41517,51.8763761,-8.4151718,Placed by an address geocoder on 6 Oct 2026. Not checked at the door.,Medium,Unverified,Read the door before treating this pin as the delivery address.
Newlyn Vale,5,5|51.87648|-8.41516,51.8764774,-8.4151553,Placed by an address geocoder on 6 Oct 2026. Not checked at the door.,Medium,Unverified,Read the door before treating this pin as the delivery address.
Newlyn Vale,6,6|51.87651|-8.41460,51.8765079,-8.4145993,Placed by an address geocoder on 6 Oct 2026. Not checked at the door.,Medium,Unverified,Read the door before treating this pin as the delivery address.
Newlyn Vale,7,7|51.87647|-8.41443,51.8764742,-8.4144312,Placed by an address geocoder on 6 Oct 2026. Not checked at the door.,Medium,Unverified,Read the door before treating this pin as the delivery address.
Newlyn Vale,8,8|51.87637|-8.41436,51.8763657,-8.4143638,Placed by an address geocoder on 6 Oct 2026. Not checked at the door.,Medium,Unverified,Read the door before treating this pin as the delivery address.
Newlyn Vale,9,9|51.87650|-8.41427,51.8765019,-8.4142697,Placed by an address geocoder on 6 Oct 2026. Not checked at the door.,Medium,Unverified,Read the door before treating this pin as the delivery address.
Newlyn Vale,10,10|51.87651|-8.41410,51.8765052,-8.4141028,Placed by an address geocoder on 6 Oct 2026. Not checked at the door.,Medium,Unverified,Read the door before treating this pin as the delivery address.
Newlyn Vale,11,11|51.87650|-8.41395,51.8765032,-8.4139492,Placed by an address geocoder on 6 Oct 2026. Not checked at the door.,Medium,Unverified,Read the door before treating this pin as the delivery address.
Newlyn Vale,12,12|51.87650|-8.41380,51.8765001,-8.4138036,Placed by an address geocoder on 6 Oct 2026. Not checked at the door.,Medium,Unverified,Read the door before treating this pin as the delivery address.
Newlyn Vale,13,13|51.87650|-8.41365,51.8764998,-8.4136509,Placed by an address geocoder on 6 Oct 2026. Not checked at the door.,Medium,Unverified,Read the door before treating this pin as the delivery address.
Newlyn Vale,14,14|51.87634|-8.41337,51.8763406,-8.4133732,Placed by an address geocoder on 6 Oct 2026. Not checked at the door.,Medium,Unverified,Read the door before treating this pin as the delivery address.
Newlyn Vale,15,15|51.87624|-8.41335,51.8762426,-8.4133452,Placed by an address geocoder on 6 Oct 2026. Not checked at the door.,Medium,Unverified,Read the door before treating this pin as the delivery address.
Newlyn Vale,16,16|51.87614|-8.41343,51.8761449,-8.4134320,Placed by an address geocoder on 6 Oct 2026. Not checked at the door.,Medium,Unverified,Read the door before treating this pin as the delivery address.
Newlyn Vale,17,17|51.87615|-8.41328,51.8761540,-8.4132849,Placed by an address geocoder on 6 Oct 2026. Not checked at the door.,Medium,Unverified,Read the door before treating this pin as the delivery address.
Newlyn Vale,18,18|51.87607|-8.41322,51.8760654,-8.4132155,Placed by an address geocoder on 6 Oct 2026. Not checked at the door.,Medium,Unverified,Read the door before treating this pin as the delivery address.
Newlyn Vale,19,19|51.87593|-8.41354,51.8759348,-8.4135360,Placed by an address geocoder on 6 Oct 2026. Not checked at the door.,Medium,Unverified,Read the door before treating this pin as the delivery address.
Newlyn Vale,20,20|51.87597|-8.41369,51.8759696,-8.4136862,Placed by an address geocoder on 6 Oct 2026. Not checked at the door.,Medium,Unverified,Read the door before treating this pin as the delivery address.
Newlyn Vale,21,21|51.87600|-8.41383,51.8760036,-8.4138310,Placed by an address geocoder on 6 Oct 2026. Not checked at the door.,Medium,Unverified,Read the door before treating this pin as the delivery address.
Newlyn Vale,22,22|51.87604|-8.41397,51.8760442,-8.4139652,Placed by an address geocoder on 6 Oct 2026. Not checked at the door.,Medium,Unverified,Read the door before treating this pin as the delivery address.
Newlyn Vale,23,23|51.87609|-8.41413,51.8760880,-8.4141261,Placed by an address geocoder on 6 Oct 2026. Not checked at the door.,Medium,Unverified,Read the door before treating this pin as the delivery address.
Newlyn Vale,24,24|51.87613|-8.41427,51.8761311,-8.4142696,Placed by an address geocoder on 6 Oct 2026. Not checked at the door.,Medium,Unverified,Read the door before treating this pin as the delivery address.
Newlyn Vale,25,25|51.87620|-8.41457,51.8762023,-8.4145727,Placed by an address geocoder on 6 Oct 2026. Not checked at the door.,Medium,Unverified,Read the door before treating this pin as the delivery address.
Newlyn Vale,26,26|51.87621|-8.41472,51.8762145,-8.4147186,Placed by an address geocoder on 6 Oct 2026. Not checked at the door.,Medium,Unverified,Read the door before treating this pin as the delivery address.
Newlyn Vale,27,27|51.87601|-8.41500,51.8760103,-8.4149989,Placed by an address geocoder on 6 Oct 2026. Not checked at the door.,Medium,Unverified,Read the door before treating this pin as the delivery address.
Newlyn Vale,28,28|51.87596|-8.41489,51.8759589,-8.4148925,Placed by an address geocoder on 6 Oct 2026. Not checked at the door.,Medium,Unverified,Read the door before treating this pin as the delivery address.
Newlyn Vale,29,29|51.87603|-8.41470,51.8760274,-8.4147021,Placed by an address geocoder on 6 Oct 2026. Not checked at the door.,Medium,Unverified,Read the door before treating this pin as the delivery address.
Newlyn Vale,30,30|51.87590|-8.41464,51.8759040,-8.4146401,Placed by an address geocoder on 6 Oct 2026. Not checked at the door.,Medium,Unverified,Read the door before treating this pin as the delivery address.
Newlyn Vale,31,31|51.87580|-8.41464,51.8757990,-8.4146355,Placed by an address geocoder on 6 Oct 2026. Not checked at the door.,Medium,Unverified,Read the door before treating this pin as the delivery address.
Newlyn Vale,32,32|51.87586|-8.41450,51.8758555,-8.4144951,Placed by an address geocoder on 6 Oct 2026. Not checked at the door.,Medium,Unverified,Read the door before treating this pin as the delivery address.
Newlyn Vale,33,33|51.87581|-8.41433,51.8758125,-8.4143341,Placed by an address geocoder on 6 Oct 2026. Not checked at the door.,Medium,Unverified,Read the door before treating this pin as the delivery address.
Newlyn Vale,34,34|51.87572|-8.41407,51.8757214,-8.4140672,Placed by an address geocoder on 6 Oct 2026. Not checked at the door.,Medium,Unverified,Read the door before treating this pin as the delivery address.
Newlyn Vale,35,35|51.87569|-8.41393,51.8756866,-8.4139278,Placed by an address geocoder on 6 Oct 2026. Not checked at the door.,Medium,Unverified,Read the door before treating this pin as the delivery address.
Newlyn Vale,36,36|51.87564|-8.41380,51.8756402,-8.4137950,Placed by an address geocoder on 6 Oct 2026. Not checked at the door.,Medium,Unverified,Read the door before treating this pin as the delivery address.
Newlyn Vale,37,37|51.87560|-8.41365,51.8755988,-8.4136488,Placed by an address geocoder on 6 Oct 2026. Not checked at the door.,Medium,Unverified,Read the door before treating this pin as the delivery address.
Newlyn Vale,38,38|51.87560|-8.41346,51.8756022,-8.4134584,Placed by an address geocoder on 6 Oct 2026. Not checked at the door.,Medium,Unverified,Read the door before treating this pin as the delivery address.
Newlyn Vale,39,39|51.87560|-8.41331,51.8755980,-8.4133109,Placed by an address geocoder on 6 Oct 2026. Not checked at the door.,Medium,Unverified,Read the door before treating this pin as the delivery address.
